{
    "$schema": "https://schema.management.azure.com/schemas/2015-01-01/deploymentTemplate.json#",
    "contentVersion": "1.0.0.0",
    "parameters": {},
    "variables": {
        "existingVirtualNetworkName": "VS2017-vnet",
        "existingSubnetName": "default"
    },
    "resources": [{
        "type": "Microsoft.Network/virtualNetworks",
        "name": "[variables('existingVirtualNetworkName')]",
        "apiVersion": "2016-03-30",
        "location": "[resourceGroup().location]",
        "comments": "Virtual network for overall solution",
        "tags": {
            "displayName": "Virtual Network"
        },
        "dependsOn": [],
        "properties": {
            "addressSpace": {
                "addressPrefixes": [
                    "10.0.0.0/16"
                ]
            },
            "subnets": [{
                "name": "[variables('existingSubnetName')]",
                "properties": {
                    "addressPrefix": "10.0.1.0/24"
                }
            }]
        }
    }],
    "outputs": {
        "existingVnetName": {
            "type": "string",
            "value": "[variables('existingVirtualNetworkName')]"
        },
        "existingVnetRG": {
            "type": "string",
            "value": "[resourceGroup().name]"
        },
        "subnetName": {
            "type": "string",
            "value": "[variables('existingSubnetName')]"
        }
    }
}